Commercial_Banks,Corporate_Debentures,Development_Bank_Limited,Finance,Government_Bonds,Hotels_And_Tourism,Hydro_Power,Investment,Life_Insurance,Manufacturing_And_Processing,Microfinance,Mutual_Fund,Non-Life_Insurance,Others,Preference_Share,Promoter_Share,Tradings
ADBL,ADBLB,CORBL,BFC,HBLD86,BANDIPUR,AHL,CHDC,ALICL,BNL,ACLBSL,C30MF,HEI,HRL,EBLCP,ACEDPO,BBC
CZBIL,ADBLB86,EDBL,CFCL,JBBD87,CGH,AHPC,CIT,CLI,BNT,ALBSL,CMF1,IGI,JHAPA,,ACLBSLP,STC
EBL,ADBLB87,GBBL,CMB,,CITY,AKJCL,ENL,CREST,ECL,ANLB,CMF2,NICL,MKCL,,AEFLPO,
GBIME,ADBLD83,GRDBL,GFCL,,HFIN,AKPL,HATHY,GMLI,GCIL,AVYAN,CSY,NIL,NFD,,AFCPO,
HBL,BOKD86,JBBL,GMFIL,,KDL,APHL,HIDCL,HLI,HDL,CBBL,GBIMESY2,NLG,NRIC,,AICPO,
KBL,BOKD86KA,KRBL,GUFL,,OHL,API,NIFRA,ILI,NLO,CYCL,GIBF1,NMIC,NRM,,AKBSLP,
LSL,CBLD88,KSBBL,ICFC,,SHL,BARUN,NRN,LICN,OMPL,DDBL,GIMES1,PRIN,NTC,,ALBSLP,
MBL,CCBD88,LBBL,JFL,,TRH,BEDC,,NLIC,PCIL,DLBS,GSY,RBCL,NWCL,,ALICLP,
NABIL,CIZBD86,MDB,MFIL,,,BGWT,,NLICL,RSML,FMDBL,H8020,SALICO,PURE,,ARDBLP,
NBL,CIZBD90,MLBL,MPFL,,,BHCL,,PMLI,SAGAR,FOWAD,HLICF,SGIC,TTL,,BBBLNP,
NICA,EBLD85,MNBBL,NFS,,,BHDC,,RJBCL,SAIL,GBLBS,KDBY,SICL,,,BBBLPO,
NIMB,EBLD86,NABBC,PFL,,,BHL,,RNLI,SAPIL,GILB,KEF,SPIL,,,BFCPO,
NMB,EBLD91,SABBL,PROFL,,,BHPL,,SJLIC,SARBTM,GLBSL,KSY,UAIL,,,BHBLPO,
PCBL,EBLEB89,SADBL,RLFL,,,BJHL,,SNLI,SHIVM,GMFBS,LEMF,,,,BLDBLP,
PRVU,GBBD85,SAPDBL,SIFC,,,BNHC,,SRLI,SONA,HLBSL,LSH12,,,,BOKLPO,
SANIMA,GBD80/81,SHINE,,,,BPCL,,,SOPL,ILBS,LUK,,,,BSBLPO,
SBI,GBILD84/85,SINDU,,,,BUNGAL,,,SRS,JBLB,LVF2,,,,BUDBLP,
SBL,GBILD86/87,,,,,CHCL,,,SYPNL,JSLBB,MBLEF,,,,CBBLPO,
SCB,GWFD83,,,,,CHL,,,UNL,KMCDB,MMF1,,,,CBLPO,
,HBLD83,,,,,CKHL,,,,LLBS,MNMF1,,,,CCBLPO,
,ICFCD83,,,,,DHEL,,,,MATRI,NBF1,,,,CDBLPO,
,ICFCD88,,,,,DHPL,,,,MERO,NBF2,,,,CEDBLP,
,ICFCD89,,,,,DOLTI,,,,MLBBL,NBF3,,,,CEFLPO,
,KBLD86,,,,,DORDI,,,,MLBS,NEF,,,,CFCLPO,
,KBLD89,,,,,EHPL,,,,MLBSL,NIBLGF,,,,CITPO,
,KBLD90,,,,,GHL,,,,MSLB,NIBLPF,,,,CMBFPO,
,KSBBLD87,,,,,GLH,,,,NADEP,NIBLSTF,,,,CORBLP,
,LBBLD89,,,,,GVL,,,,NESDO,NIBSF1,,,,CYCLP,
,LBLD86,,,,,HDHPC,,,,NICLBSL,NIBSF2,,,,CZBILP,
,LBLD88,,,,,HHL,,,,NMBMF,NICBF,,,,DBBLPO,
,LSD92,,,,,HIMSTAR,,,,NMFBS,NICFC,,,,DCBLPO,
,MBLD2085,,,,,HPPL,,,,NMLBBL,NICGF,,,,DDBLPO,
,MBLD87,,,,,HURJA,,,,NUBL,NICGF2,,,,EBLPO,
,MFLD85,,,,,IHL,,,,RSDC,NICSF,,,,EDBLPO,
,MLBLD89,,,,,JOSHI,,,,SHLB,NMB50,,,,EFLPO,
,MND84/85,,,,,KAHL,,,,SKBBL,NMBHF1,,,,EICPO,
,NABILD2089,,,,,KBSH,,,,SLBBL,NMBHF2,,,,FBBLPO,
,NABILD87,,,,,KHPL,,,,SLBSL,NSIF2,,,,FFCLPO,
,NBBD2085,,,,,KKHC,,,,SMATA,NSY,,,,FMDBLP,
,NBLD82,,,,,KPCL,,,,SMB,PRSF,,,,FOWADP,
,NBLD85,,,,,LEC,,,,SMFBS,PSF,,,,GBBLPO,
,NBLD87,,,,,MABEL,,,,SMPDA,RBBF40,,,,GBIMEP,
,NCCD86,,,,,MAKAR,,,,SWASTIK,RMF1,,,,GBLBSP,
,NIBD2082,,,,,MANDU,,,,SWBBL,RMF2,,,,GDBLPO,
,NIBD84,,,,,MBJC,,,,SWMF,RSY,,,,GFCLPO,
,NICAD2091,,,,,MCHL,,,,ULBSL,RSY2,,,,GFLPO,
,NICAD8182,,,,,MEHL,,,,UNLB,SAEF,,,,GILBPO,
,NICAD8283,,,,,MEL,,,,USLB,SAEF2,,,,GLICLP,
,NICAD85/86,,,,,MEN,,,,VLBS,SAGF,,,,GMFILP,
,NICD83/84,,,,,MEPDL,,,,WNLB,SBCF,,,,GRANDP,
,NICD88,,,,,MHCL,,,,,SEF,,,,GRDBLP,
,NIFRAGED,,,,,MHL,,,,,SEF2,,,,GSDBLP,
,NIFRAUR85/86,,,,,MHNL,,,,,SFEF,,,,GUFLPO,
,NIMBD90,,,,,MKHC,,,,,SFMF,,,,HAMAPO,
,NMBD2085,,,,,MKHL,,,,,SIGS2,,,,HAMROP,
,NMBD87/88,,,,,MKJC,,,,,SIGS3,,,,HATHPO,
,NMBD89/90,,,,,MMKJL,,,,,SLCF,,,,HBLPO,
,NMBUR93/94,,,,,MSHL,,,,,,,,,HEIP,
,PBD84,,,,,NGPL,,,,,,,,,HGIPO,
,PBD85,,,,,NHDL,,,,,,,,,HIDCLP,
,PBD88,,,,,NHPC,,,,,,,,,HLBSLP,
,PBD93,,,,,NYADI,,,,,,,,,HLIPO,
,PBLD84,,,,,PHCL,,,,,,,,,ICFCPO,
,PBLD86,,,,,PMHPL,,,,,,,,,IDBLPO,
,PBLD87,,,,,PPCL,,,,,,,,,IGIPO,
,RBBD2088,,,,,PPL,,,,,,,,,ILBSP,
,RBBD83,,,,,RADHI,,,,,,,,,IMEFIP,
,SAND2085,,,,,RAWA,,,,,,,,,JBBLPO,
,SBD87,,,,,RFPL,,,,,,,,,JBLBP,
,SBD89,,,,,RHGCL,,,,,,,,,JBNLPO,
,SBIBD86,,,,,RHPL,,,,,,,,,JEFLPO,
,SBID2090,,,,,RIDI,,,,,,,,,JFLPO,
,SBID83,,,,,RLEL,,,,,,,,,JSLBBP,
,SBID89,,,,,RURU,,,,,,,,,KADBLP,
,SBLD2082,,,,,SAHAS,,,,,,,,,KAFILP,
,SBLD2091,,,,,SANVI,,,,,,,,,KBBLPO,
,SBLD83,,,,,SGHC,,,,,,,,,KBLPO,
,SBLD84,,,,,SGHL,,,,,,,,,KDBLPO,
,SBLD89,,,,,SHEL,,,,,,,,,KFLPO,
,SCBD,,,,,SHPC,,,,,,,,,KISTPO,
,SDBD87,,,,,SIKLES,,,,,,,,,KLBSLP,
,SHINED,,,,,SIPD,,,,,,,,,KMBLPO,
,SRBLD83,,,,,SJCL,,,,,,,,,KMCDBP,
,SRD80,,,,,SKHEL,,,,,,,,,KNBLPO,
,,,,,,SKHL,,,,,,,,,KRBLPO,
,,,,,,SMH,,,,,,,,,KSBBLP,
,,,,,,SMHL,,,,,,,,,LBBLPO,
,,,,,,SMJC,,,,,,,,,LBLPO,
,,,,,,SNORL,,,,,,,,,LFLCPO,
,,,,,,SOHL,,,,,,,,,LGILPO,
,,,,,,SPC,,,,,,,,,LSLPO,
,,,,,,SPDL,,,,,,,,,LUBLPO,
,,,,,,SPHL,,,,,,,,,MATRIP,
,,,,,,SPL,,,,,,,,,MBBLPO,
,,,,,,SSHL,,,,,,,,,MBLPO,
,,,,,,TAMOR,,,,,,,,,MDBLPO,
,,,,,,TPC,,,,,,,,,MDBPO,
,,,,,,TPKHL,,,,,,,,,MEGAPO,
,,,,,,TSHL,,,,,,,,,MEROPO,
,,,,,,TVCL,,,,,,,,,MFILPO,
,,,,,,UHEWA,,,,,,,,,MFLPO,
,,,,,,ULHC,,,,,,,,,MIDBLP,
,,,,,,UMHL,,,,,,,,,MLBBLP,
,,,,,,UMRH,,,,,,,,,MLBLPO,
,,,,,,UNHPL,,,,,,,,,MLBSLP,
,,,,,,UPCL,,,,,,,,,MLBSP,
,,,,,,UPPER,,,,,,,,,MMFDBP,
,,,,,,USHEC,,,,,,,,,MNBBLP,
,,,,,,USHL,,,,,,,,,MPFLPO,
,,,,,,VLUCL,,,,,,,,,MSLBP,
,,,,,,YMHL,,,,,,,,,NABBCP,
,,,,,,,,,,,,,,,NABBPO,
,,,,,,,,,,,,,,,NABILP,
,,,,,,,,,,,,,,,NADEPP,
,,,,,,,,,,,,,,,NBBLPO,
,,,,,,,,,,,,,,,NBBPO,
,,,,,,,,,,,,,,,NCCBPO,
,,,,,,,,,,,,,,,NCDBPO,
,,,,,,,,,,,,,,,NCMPO,
,,,,,,,,,,,,,,,NDEPPO,
,,,,,,,,,,,,,,,NEFLPO,
,,,,,,,,,,,,,,,NFSPO,
,,,,,,,,,,,,,,,NIBPO,
,,,,,,,,,,,,,,,NICAP,
,,,,,,,,,,,,,,,NICLBSLP,
,,,,,,,,,,,,,,,NICLPO,
,,,,,,,,,,,,,,,NIFRAP,
,,,,,,,,,,,,,,,NILPO,
,,,,,,,,,,,,,,,NIMBPO,
,,,,,,,,,,,,,,,NLBBLP,
,,,,,,,,,,,,,,,NLICLP,
,,,,,,,,,,,,,,,NLICP,
,,,,,,,,,,,,,,,NMBMFP,
,,,,,,,,,,,,,,,NMBPO,
,,,,,,,,,,,,,,,NMFBSP,
,,,,,,,,,,,,,,,NMLBBLP,
,,,,,,,,,,,,,,,NNFCPO,
,,,,,,,,,,,,,,,NNLBPO,
,,,,,,,,,,,,,,,NRICP,
,,,,,,,,,,,,,,,NSLBP,
,,,,,,,,,,,,,,,NUBLPO,
,,,,,,,,,,,,,,,ODBLPO,
,,,,,,,,,,,,,,,OFLPO,
,,,,,,,,,,,,,,,PADBLP,
,,,,,,,,,,,,,,,PCBLP,
,,,,,,,,,,,,,,,PDBLPO,
,,,,,,,,,,,,,,,PFILPO,
,,,,,,,,,,,,,,,PFLPO,
,,,,,,,,,,,,,,,PICLPO,
,,,,,,,,,,,,,,,PICPO,
,,,,,,,,,,,,,,,PLICPO,
,,,,,,,,,,,,,,,PMLIP,
,,,,,,,,,,,,,,,PRDBLP,
,,,,,,,,,,,,,,,PRFLPO,
,,,,,,,,,,,,,,,PRINPO,
,,,,,,,,,,,,,,,PROFLP,
,,,,,,,,,,,,,,,PRVUPO,
,,,,,,,,,,,,,,,PURBLP,
,,,,,,,,,,,,,,,RBCLPO,
,,,,,,,,,,,,,,,RBSPO,
,,,,,,,,,,,,,,,REDBLP,
,,,,,,,,,,,,,,,RFLPO,
,,,,,,,,,,,,,,,RLFLPO,
,,,,,,,,,,,,,,,RMDCPO,
,,,,,,,,,,,,,,,RSDCP,
,,,,,,,,,,,,,,,SADBLP,
,,,,,,,,,,,,,,,SAFLPO,
,,,,,,,,,,,,,,,SALICOPO,
,,,,,,,,,,,,,,,SAPDBLP,
,,,,,,,,,,,,,,,SBBLJP,
,,,,,,,,,,,,,,,SBLPO,
,,,,,,,,,,,,,,,SDBLPO,
,,,,,,,,,,,,,,,SDESIP,
,,,,,,,,,,,,,,,SETIPO,
,,,,,,,,,,,,,,,SEWAPO,
,,,,,,,,,,,,,,,SFCLP,
,,,,,,,,,,,,,,,SFFILP,
,,,,,,,,,,,,,,,SFLPO,
,,,,,,,,,,,,,,,SGICP,
,,,,,,,,,,,,,,,SHINEP,
,,,,,,,,,,,,,,,SICLPO,
,,,,,,,,,,,,,,,SICPO,
,,,,,,,,,,,,,,,SIFCPO,
,,,,,,,,,,,,,,,SILPO,
,,,,,,,,,,,,,,,SINDUP,
,,,,,,,,,,,,,,,SJLICP,
,,,,,,,,,,,,,,,SKBBLP,
,,,,,,,,,,,,,,,SLBBLP,
,,,,,,,,,,,,,,,SLBSP,
,,,,,,,,,,,,,,,SLICLP,
,,,,,,,,,,,,,,,SMATAP,
,,,,,,,,,,,,,,,SMBPO,
,,,,,,,,,,,,,,,SMFBSP,
,,,,,,,,,,,,,,,SMFDBP,
,,,,,,,,,,,,,,,SMPDAP,
,,,,,,,,,,,,,,,SNMAPO,
,,,,,,,,,,,,,,,SODBLPO,
,,,,,,,,,,,,,,,SPILPO,
,,,,,,,,,,,,,,,SRBLPO,
,,,,,,,,,,,,,,,SRLIP,
,,,,,,,,,,,,,,,STFLPO,
,,,,,,,,,,,,,,,SUBBLP,
,,,,,,,,,,,,,,,SUPRMP,
,,,,,,,,,,,,,,,SWBBLP,
,,,,,,,,,,,,,,,SWMFPO,
,,,,,,,,,,,,,,,SYFLPO,
,,,,,,,,,,,,,,,TBBLP,
,,,,,,,,,,,,,,,TDBLPO,
,,,,,,,,,,,,,,,TMDBLP,
,,,,,,,,,,,,,,,TNBLPO,
,,,,,,,,,,,,,,,UAILPO,
,,,,,,,,,,,,,,,UFCLPO,
,,,,,,,,,,,,,,,UFILPO,
,,,,,,,,,,,,,,,UFLPO,
,,,,,,,,,,,,,,,UICPO,
,,,,,,,,,,,,,,,UNLBP,
,,,,,,,,,,,,,,,USLBP,
,,,,,,,,,,,,,,,VBBLPO,
,,,,,,,,,,,,,,,VLBSPO,
,,,,,,,,,,,,,,,WDBLPO,
,,,,,,,,,,,,,,,WMBFPO,
,,,,,,,,,,,,,,,WNLBP,
,,,,,,,,,,,,,,,WOMIPO,
,,,,,,,,,,,,,,,YETIPO,
