S.N.,Date,Open,High,Low,Ltp,% Change,Qty,Turnover
1,2026-08-19,"2,705.00","2,720.00","2,655.00","2,710.00",-0.55,"57,723.00","155,532,538.20"
2,2026-08-18,"2,841.00","2,898.00","2,720.00","2,725.00",-4.1,"60,363.00","167,868,385.00"
3,2026-08-17,"2,570.00","2,890.00","2,290.10","2,841.60",11.17,"523,651.00","1,386,334,565.00"
4,2026-08-14,"2,420.00","2,605.00","2,420.00","2,556.00",0.39,"19,819.00","51,036,013.40"
5,2026-08-13,"2,423.00","2,587.00","2,423.00","2,546.10",-0.16,"21,911.00","55,774,499.30"
6,2026-08-12,"2,600.00","2,630.00","2,550.10","2,550.10",-2.89,"23,929.00","61,888,695.40"
7,2026-08-11,"2,502.00","2,690.00","2,502.00","2,626.00",-0.28,"31,269.00","82,999,671.60"
8,2026-08-10,"2,489.00","2,699.90","2,489.00","2,633.50",0.52,"31,036.00","82,282,626.60"
9,2026-08-07,"2,540.00","2,640.00","2,540.00","2,620.00",3.08,"27,037.00","70,254,622.10"
10,2026-08-06,"2,600.00","2,600.00","2,510.00","2,541.60",-2.96,"49,202.00","125,711,542.90"
11,2026-08-05,"2,650.00","2,699.00","2,580.00","2,619.00",-3.18,"31,835.00","84,402,232.00"
12,2026-08-04,"2,780.00","2,850.00","2,561.20","2,705.00",-2.7,"45,708.00","122,461,606.30"
13,2026-08-03,"3,148.00","3,148.00","2,775.00","2,780.00",-7.3,"95,826.00","276,287,011.90"
14,2026-07-31,"3,175.00","3,175.00","2,950.00","2,999.00",-0.83,"38,722.00","116,021,764.90"
15,2026-07-30,"3,051.00","3,134.90","2,970.50","3,024.00",-3.01,"80,858.00","243,843,238.70"
16,2026-07-29,"3,110.00","3,200.00","3,080.50","3,118.00",-2.1,"57,561.00","179,134,488.70"
17,2026-07-28,"3,401.00","3,401.00","3,100.00","3,185.00",-1.7,"51,466.00","161,360,121.00"
18,2026-07-27,"3,320.00","3,419.60","3,200.10","3,240.00",-7.27,"102,801.00","338,666,581.30"
19,2026-07-24,"3,471.00","3,599.00","3,420.00","3,494.00",-0.63,"43,204.00","151,197,048.10"
20,2026-07-23,"3,510.00","3,791.00","3,484.90","3,516.00",-4.48,"80,405.00","283,319,144.70"
21,2026-07-22,"3,450.00","3,681.00","3,450.00","3,681.00",3.84,"75,158.00","263,235,757.10"
22,2026-07-21,"3,460.00","3,650.00","3,460.00","3,545.00",1.34,"77,289.00","273,431,989.60"
23,2026-07-20,"3,150.00","3,498.00","3,150.00","3,498.00",9.31,"73,255.00","244,657,766.00"
24,2026-07-17,"2,940.00","3,200.00","2,940.00","3,200.00",7.74,"49,947.00","156,008,817.40"
25,2026-07-16,"2,970.00","3,035.00","2,960.00","2,970.00",-1.0,"29,513.00","88,417,221.60"
26,2026-07-15,"2,981.00","3,070.00","2,981.00","3,000.00",-0.83,"27,505.00","82,706,234.50"
27,2026-07-14,"2,980.00","3,037.00","2,967.00","3,025.00",-0.13,"41,025.00","122,554,770.00"
28,2026-07-13,"3,000.00","3,048.00","2,975.00","3,029.00",-0.19,"23,433.00","70,136,937.10"
29,2026-07-10,"2,940.00","3,049.00","2,940.00","3,034.90",1.2,"41,428.00","124,240,352.50"
30,2026-07-09,"3,000.00","3,090.00","2,949.00","2,999.00",-1.35,"53,793.00","161,375,132.40"
31,2026-07-08,"3,020.00","3,109.00","3,020.00","3,040.00",-1.84,"16,075.00","49,191,246.70"
32,2026-07-07,"3,001.00","3,097.00","3,001.00","3,097.00",0.88,"36,795.00","111,970,637.50"
33,2026-07-06,"3,360.00","3,360.00","3,070.00","3,070.00",-4.06,"18,466.00","57,610,005.30"
34,2026-07-03,"3,437.00","3,437.00","3,150.00","3,200.00",-2.26,"21,379.00","67,887,158.40"
35,2026-07-02,"3,230.00","3,274.00","3,151.00","3,274.00",-3.71,"79,286.00","252,920,144.40"
36,2026-07-01,"3,195.00","3,499.00","3,101.00","3,400.00",6.62,"54,822.00","175,105,041.50"
37,2026-06-30,"3,110.00","3,190.00","3,110.00","3,189.00",-1.79,"22,936.00","72,313,568.80"
38,2026-06-29,"3,120.00","3,247.00","3,120.00","3,247.00",-0.03,"25,644.00","81,363,252.90"
39,2026-06-26,"3,160.00","3,250.00","3,160.00","3,248.00",1.5,"31,125.00","100,052,899.60"
40,2026-06-25,"3,110.00","3,249.00","3,060.00","3,200.00",3.23,"38,199.00","120,829,706.60"
41,2026-06-24,"3,358.00","3,358.00","3,033.00","3,100.00",-3.09,"23,942.00","73,956,929.40"
42,2026-06-23,"3,190.00","3,255.20","3,140.00","3,199.00",-2.8,"53,883.00","172,495,939.20"
43,2026-06-22,"3,250.00","3,448.30","3,250.00","3,291.00",-1.76,"38,904.00","128,475,749.30"
44,2026-06-19,"3,517.00","3,517.00","3,251.00","3,350.00",0.0,"13,837.00","45,992,452.80"
45,2026-06-18,"3,331.00","3,579.00","3,320.00","3,350.00",-1.44,"14,771.00","49,346,632.80"
46,2026-06-17,"3,230.00","3,605.00","3,230.00","3,399.00",1.71,"55,293.00","183,273,413.50"
47,2026-06-16,"3,410.00","3,443.00","3,330.00","3,342.00",-3.41,"44,416.00","150,519,772.40"
48,2026-06-15,"3,420.00","3,620.00","3,420.00","3,460.00",-1.65,"47,155.00","162,458,794.30"
49,2026-06-12,"3,748.50","3,748.50","3,499.00","3,517.90",-1.46,"36,704.00","129,038,792.90"
50,2026-06-11,"3,500.00","3,597.00","3,500.00","3,570.00",-0.39,"29,675.00","105,566,327.60"
51,2026-06-10,"3,500.00","3,638.00","3,500.00","3,584.00",-0.17,"13,911.00","49,987,476.40"
52,2026-06-09,"3,500.00","3,645.00","3,500.00","3,590.00",-0.24,"18,308.00","65,613,620.50"
53,2026-06-08,"3,480.00","3,685.00","3,480.00","3,598.80",0.53,"28,775.00","103,834,643.30"
54,2026-06-05,"3,449.50","3,648.00","3,449.50","3,580.00",-1.4,"41,801.00","150,858,231.70"
55,2026-06-04,"3,685.00","3,699.00","3,595.00","3,631.00",-0.58,"12,521.00","45,330,601.10"
56,2026-06-03,"3,468.00","3,700.00","3,468.00","3,652.00",0.33,"25,239.00","91,905,451.60"
57,2026-06-02,"3,685.00","3,695.00","3,621.10","3,640.00",-0.82,"30,424.00","110,912,150.40"
58,2026-06-01,"3,745.00","3,745.00","3,650.00","3,670.00",-2.0,"26,045.00","96,049,883.50"
59,2026-05-27,"3,969.00","3,969.00","3,700.00","3,745.00",-0.93,"22,770.00","85,475,090.40"
60,2026-05-26,"3,849.90","3,897.00","3,737.00","3,780.00",-1.18,"18,745.00","71,087,869.80"
61,2026-05-25,"3,700.00","3,850.00","3,700.00","3,825.00",2.55,"37,741.00","143,175,731.10"
62,2026-05-22,"3,720.00","3,740.00","3,683.00","3,730.00",0.4,"26,240.00","97,533,633.60"
63,2026-05-21,"3,744.90","3,744.90","3,675.00","3,715.00",0.41,"11,962.00","44,365,328.20"
64,2026-05-20,"3,640.00","3,730.00","3,640.00","3,700.00",0.54,"21,592.00","79,800,181.30"
65,2026-05-19,"3,700.00","3,749.90","3,650.00","3,680.00",-0.27,"13,524.00","49,751,008.30"
66,2026-05-18,"3,720.00","3,730.00","3,681.00","3,690.10",-0.43,"19,875.00","73,488,998.20"
67,2026-05-15,"3,741.90","3,777.90","3,680.00","3,706.00",0.43,"23,184.00","86,308,909.10"
68,2026-05-14,"3,705.00","3,787.90","3,673.00","3,690.00",-0.94,"19,134.00","70,695,057.70"
69,2026-05-13,"3,729.00","3,750.00","3,655.10","3,724.90",-0.11,"22,366.00","82,716,573.50"
70,2026-05-12,"3,899.00","3,940.00","3,680.00","3,729.00",-2.51,"47,727.00","180,957,833.00"
71,2026-05-11,"3,765.00","3,920.00","3,765.00","3,825.00",0.66,"54,516.00","211,119,488.60"
72,2026-05-08,"3,631.00","3,800.00","3,631.00","3,800.00",2.9,"36,444.00","136,460,386.50"
73,2026-05-07,"3,690.00","3,724.00","3,636.10","3,693.00",0.11,"38,611.00","141,584,207.00"
74,2026-05-06,"3,700.10","3,775.00","3,619.00","3,689.00",-1.63,"43,504.00","160,785,695.50"
75,2026-05-05,"3,790.00","3,839.90","3,675.00","3,750.00",0.81,"33,951.00","127,813,125.30"
76,2026-05-04,"3,865.00","3,949.00","3,699.00","3,720.00",-3.38,"47,038.00","179,975,237.00"
77,2026-04-30,"3,780.00","3,989.00","3,700.00","3,850.20",1.05,"70,158.00","267,568,490.90"
78,2026-04-29,"4,000.00","4,000.00","3,790.00","3,810.10",-4.75,"62,734.00","241,963,117.50"
79,2026-04-28,"4,239.00","4,270.00","3,981.00","4,000.00",-5.64,"85,116.00","346,825,957.00"
80,2026-04-27,"4,203.00","4,346.00","4,195.00","4,239.00",0.45,"72,187.00","307,455,441.00"
81,2026-04-24,"4,291.00","4,330.00","4,200.00","4,220.00",-2.31,"58,569.00","249,297,973.10"
82,2026-04-23,"4,180.00","4,425.00","4,070.00","4,320.00",2.13,"70,488.00","304,252,021.00"
83,2026-04-22,"4,080.00","4,326.00","4,080.00","4,230.00",-1.4,"78,442.00","327,861,815.30"
84,2026-04-21,"4,390.10","4,539.90","4,210.00","4,290.00",-4.22,"68,901.00","301,904,728.60"
85,2026-04-20,"4,700.00","4,700.00","4,465.00","4,479.00",-3.66,"42,038.00","190,915,119.00"
86,2026-04-17,"4,400.00","4,730.00","4,300.00","4,649.10",6.48,"72,648.00","329,523,377.30"
87,2026-04-16,"4,501.00","4,600.00","4,280.00","4,366.00",-3.62,"140,365.00","618,043,448.00"
88,2026-04-15,"4,799.00","4,896.00","4,500.00","4,530.00",-5.61,"106,020.00","494,192,549.00"
89,2026-04-13,"4,775.40","5,049.00","4,611.00","4,799.00",2.3,"94,947.00","454,439,080.50"
90,2026-04-10,"4,375.10","4,718.30","4,375.10","4,691.00",9.36,"93,429.00","435,952,980.30"
91,2026-04-09,"3,977.00","4,289.40","3,825.00","4,289.40",10.0,"68,240.00","284,147,469.10"
92,2026-04-08,"3,545.00","3,899.50","3,545.00","3,899.50",10.0,"110,003.00","421,668,054.50"
93,2026-04-07,"3,509.00","3,650.00","3,440.00","3,545.00",1.03,"68,424.00","242,162,426.70"
94,2026-04-06,"3,637.30","3,922.60","3,210.00","3,509.00",-1.6,"326,117.00","1,135,858,154.00"
95,2026-04-05,"3,306.70","3,566.00","3,306.70","3,566.00",10.0,"18,487.00","65,817,675.00"
96,2026-04-02,"3,006.10","3,241.90","3,006.10","3,241.90",10.0,"16,025.00","51,908,127.50"
97,2026-04-01,"2,678.20","2,947.20","2,678.20","2,947.20",10.0,"5,120.00","15,066,432.50"
98,2026-03-31,"2,430.10","2,679.30","2,430.10","2,679.30",10.0,"2,107.00","5,624,220.10"
99,2026-03-30,"2,203.90","2,435.80","2,203.90","2,435.80",10.0,"2,297.00","5,574,623.60"
100,2026-03-29,"2,009.70","2,214.40","2,009.70","2,214.40",10.0,"2,225.00","4,914,314.00"
101,2026-03-26,"1,821.00","2,013.10","1,821.00","2,013.10",10.0,"3,368.00","6,759,994.80"
102,2026-03-25,"1,697.00","1,830.10","1,697.00","1,830.10",10.0,"1,020.00","1,853,629.00"
103,2026-03-24,"1,494.40","1,663.80","1,494.40","1,663.80",10.0,543.00,"883,098.40"
104,2026-03-23,"1,361.40","1,512.60","1,361.40","1,512.60",10.0,480.00,"714,243.00"
105,2026-03-22,"1,235.00","1,375.10","1,235.00","1,375.10",10.0,375.00,"504,898.50"
106,2026-03-19,"1,120.50","1,250.10","1,120.50","1,250.10",10.0,770.00,"946,644.00"
107,2026-03-17,"1,017.80","1,136.50","1,017.80","1,136.50",10.0,250.0,"270,821.00"
108,2026-03-16,921.2,"1,033.20",921.2,"1,033.20",10.0,170.0,"168,970.00"
109,2026-03-15,885.2,939.3,885.2,939.3,5.15,80.0,"72,599.00"
110,2026-03-12,802.1,893.3,802.1,893.3,10.0,160.0,"136,911.00"
111,2026-03-11,735.6,812.1,735.6,812.1,9.33,60.0,"46,401.00"
112,2026-03-10,688.8,742.8,688.8,742.8,10.0,80.0,"56,478.00"
113,2026-03-09,675.3,675.3,675.3,675.3,-1.49,10.0,"6,753.00"
114,2026-03-03,621.1,685.5,621.1,685.5,9.82,60.0,"39,173.00"
115,2026-03-01,561.9,624.2,561.9,624.2,9.99,110.0,"66,647.00"
116,2026-02-26,514.3,567.5,514.3,567.5,9.26,60.0,"32,431.00"
117,2026-02-25,467.5,519.4,467.5,519.4,10.0,60.0,"29,717.00"
118,2026-02-24,427.9,472.2,427.9,472.2,9.31,60.0,"26,986.00"
119,2026-02-23,391.5,432.0,391.5,432.0,9.28,60.0,"24,689.00"
120,2026-02-22,358.2,395.3,358.2,395.3,9.26,60.0,"22,590.00"
121,2026-02-17,328.0,361.8,328.0,361.8,9.64,60.0,"20,681.00"
122,2026-02-16,300.0,330.0,300.0,330.0,10.0,130.0,"40,150.00"
